work_id,book_id_list_en,title,publication_year,language_codes_en,num_pages_median,description,popular_shelves,genres,author_id,author_name,author_average_rating,author_ratings_count,series_id,series_title,series_works_count,ratings_count_sum,text_reviews_count_sum,average_rating_weighted_mean
1809886,['1810549'],The Enchantment,2001,['eng'],320.0,"Pam Binder captures a passion that defies the ages in this mesmerizing new novel of love in the glorious Highlands. ""THE ENCHANTMENT
Conor McCloud returns from the Crusades to discover his cousin has taken possession of Inverness, the McCloud castle. Fighting back to reclaim his family home, Conor makes a promise to a dying friend: seek out the woman who a witch said could heal the land...a woman from another time and place.
Eilan Dougan has taken leave from her Colorado river rafting business to help sell her parents' Seattle antique shop. Her uncanny ability to sense others' thoughts has always set her apart -- and when a dark Highlander appears and begs her help, she can't refuse. But fourteenth-century Scotland is no place for a woman with Eilan's powers. Now instead of Eilan saving Conor, Conor must rescue Eilan from charges of witchcraft -- and decide whether love can withstand the ultimate test of time.","----print-books,-2007-read,0-my-library,9-scotland,9-usa,90-938-1485-medieval,91-2000-now-early-21st-century,authors---r,books-to-buy-2,books-to-buy-tt,contemporary,currently-reading,donated-8-1-2015,fantasy,hard-copy,historical,historical-romance,historical-time-travel,lb-bc5,maybe,medieval-romance,not-overdrive,paranormal,passport2romance2016,physical-book,read-b,romance,romance-scotland,romance-time-travel,science-fiction,setting-scotland,time-travel,time-travel-books,time-travel-romance,to-read,tossing,wish-list","fantasy, paranormal,fiction,history, historical fiction, biography,romance",71186,Pam Binder,3.8,1139,,,,40,5,3.4799999999999995
2743906,['2718309'],The Baby Dilemma,2002,['eng'],192.0,"Philippe and Kellie Didier have been blissfully married for just a month when a revelation blows their world apart. A woman Philippe once knew, before he met Kellie, claims he is the father of her child. What's more, the innocent baby now needs a home....
Kellie is left with a dilemma. Can she take in this newborn boy even when he might not be her husband's? And can their marriage recover from this shocking discovery? Kellie is counting on it -- because she's just found out she's pregnant herself!","2012-reads-of-350-books,angsty-read,baby,baby-children,baby-plot,bad_hp,before-2005,blom-check,books,bought,chase-h-ending,chase-the-heroine-ending,contemporary-romance,ebook-collection,fiction,fluff,harlequin-romance,harlequin_romance-cherish-line,library2-epub-books-to-get,loc_med_22,marriage-on-the-rocks,other-woman-baby,own-copy,pleasure,pregnancy,pub-07-july,romance,stand-alones,title-3,to-read,wallbanger","children,fiction,romance",4989,Rebecca Winters,3.53,9028,,,,31,5,3.34
2919963,['6286890'],Sweet Surrender,2002,['en-GB'],,"He was back--and he wanted her
Kate hadn't planned to settle old scores with Alasdair Drummond. But when he reappeared in her life, she realized that here was her chance He had been her first love, yet he hadn't even considered her as more than a friend.
This time around, Alasdair made it clear he found Kate desirable, so she was going to make him surrender to passion--on her terms. Only, just when she thought she had Alasdair where she wanted him, the tables were turned on her....","--available-at-raspberrys--,2004-2005,amnesia,bad_hp,contemporary-romance-terjemahan,cuma-pinjam-rental,default,didn-t-like-the-hero,dup-tbr,ebooks,fiction,gramedia,harlequin,harlequin-indo,harlequin-m-b,harlequin-romance,harlequinn,hki,hq,kindle,loc_med_23,lots-of-drama-angst,mills8boon-modern,moved-to-a-new-home,my-library,no-indonesia,novel-novel-harlequin,novel-terjemahan,own-need-to-read,own-not-yet-read,part-of-a-series,romance,romance-mills---boon,romance-translt,skim-read-not-my-cup-of-tea,still-to-read--stored-in-boxes-,to-read","fiction,romance",71689,Catherine George,3.19,3181,493005.0,The Dysarts,6.0,2,1,2.61
1402378,"['1412055', '2236128']",The Cajun Cowboy,2004,"['en-US', 'eng']",349.0,"Charmaine LeDeux, who owns not one but two beauty salons on the Louisiana bayou, has a loan shark on her tail. As if that's not bad enough, Raoul Lanier, who she thought she divorced years ago, tells her that they're still married! Plus, they've inherited his father's rundown cattle ranch together. Raoul promises to give her an honest-to-god real divorce this time if she'll sell him her half of the ranch. But she decides that the ranch is the perfect place for her after all; i.e., the perfect hideout for a woman who needs to lie low for a while.
The last thing Raoul wants is for Charmaine to live with him, but Charmaine has always been stubborn. Soon she's taken over the house, adding feminine touches everywhere and having his three ranch hands eating out of her hand. When her belly-dancing great-aunt and the rest of the LeDeux clan come over for Thanksgiving dinner, Raoul knows he's lost the fight. He might as well give in to the temptation she still rouses in him. Now if he can only keep her safe from the Dixie mafia looking for her and convince her that he's worth a second chance at love.","2004-reads,3,6-ebooks-unread,a-series,adult,all-the-sex-and-naked,author-sandra-hill,available-at-library,book,books-i-own,books-read-2017,box-account,cajun,cajun-series,cajuns,california-books-to-mom,chick-lit,contemp,contemporary,contemporary-romance,contemporary-series,cowboy,cowboys,currently-reading,default,descargado-pendientes,e-book,ebook,ebooks,family,family-large-feisty-and-fun,family-ranch,fav-author,favorite-author,favorite-series,favorites,fiction,funny,gave-away-ngtra,genre-contemporary,genre-contemporary-romance,have-on-phone,hiding-out-laying-low,hill,hill-sandra,humor,humorous,humour,i-wanna-know-what-love-is,inherited-house-ranch-or-property,kindle,later,lb-bc2,library,light-romance,lo-normal,lost-interest,m-f,my-owned-books,need,need-to-buy,novel,openlibrary-org,owned,owned-books,owned-but-no-longer-have,pages-300-350,paperback,phone,placeholder,prequel-sequel-series,read-in-2013,read-in-2017,romance,romance-comedy,romance-contemporary,romance-contemporary-favorites,romance-historical-romance,romantic-comedy,romantic-suspence,sandra-hill,sandra-hill-cajun,separated-or-divorced-hero-and-h,serie,series,setting-south-bajou-cajun-creole,sexy-men,southern,tbr,tbr-later-complete,tbr-next,team-shoe-challenge,temp,to-read,to-read-series,tw-0,unclustered,uno,western,western-romance-cowboys","fiction,history, historical fiction, biography,romance",177305,Sandra Hill,4.0,42104,157036.0,Cajun,13.0,1278,56,4.1000000000000005
1612557,"['59821', '6589970', '1031335', '491281', '18114197', '1149106', '3250497']",Red Lily,2005,"['en-GB', 'en-US', 'eng']",351.0,"Three women learn that the heart of their historic home holds a mystery of years gone by, as number-one bestselling author Nora Roberts brings her In the Garden trilogy to a captivating conclusion, following Blue Dahlia and Black Rose.
A Harper has always lived at Harper House, the centuries-old mansion just outside of Memphis. And for as long as anyone alive remembers, the ghostly Harper Bride has walked the halls, singing lullabies at night...
Hayley Phillips came to Memphis hoping for a new start, for herself and her unborn child. She wasn't looking for a handout from her distant cousin Roz, just a job at her thriving In the Garden nursery. What she found was a home surrounded by beauty and the best friends she's ever had-including Roz's son Harper. To Hayley's delight, her new daughter Lily has really taken to him. To Hayley's chagrin, she has begun to dream about Harper-as much more than a friend...
If Hayley gives in to her desire, she's afraid the foundation she's built with Harper will come tumbling down. Especially since she's begun to suspect that her feelings are no longer completely her own. Flashes of the past and erratic behavior make Hayley believe that the Harper Bride has found a way inside of her mind and body. It's time to put the Bride to rest once and for all, so Hayley can know her own heart again-and whether she's willing to risk it...","2005,3-stars,adult,adult-fiction,audio,audio-book,audio-books,audiobook,audiobooks,author-nora-roberts,books,books-i-have,books-i-own,books-owned,bookshelf,borrowed,chick-lit,contemp-romance,contemporary,contemporary-fiction,contemporary-romance,currently-reading,default,done,drama,e-book,e-books,ebook,ebooks,family,fantasy,fantasy-paranormal,favorite-authors,favorites,favourites,fiction,fiction-romance,fluff,garden,ghost,ghosts,have,i-own,in-the-garden,in-the-garden-trilogy,kindle,library,library-books,love,m-f,magical-realism,modern-romance,my-books,my-library,mystery,mystery-suspense,nora,nora-roberts,nora-roberts-books,nora-roberts-in-the-garden,nora-roberts-j-d-robb,nora-roberts-jd-robb,nora-roberts-read,noraroberts,novels,nr,own-it,own-to-read,owned,owned-books,paperback,paranormal,paranormal-fantasy,paranormal-ghosts,paranormal-romance,part-of-a-series,personal-library,re-read,read-2010,read-2013,read-in-2013,reread,roberts,roberts-nora,romance,romance-contemporary,romance-novels,romance-paranormal,romances,romantic,romantic-suspense,series,supernatural,suspense,tennessee,to-buy,to-read,trilogies,trilogy,wish-list","fantasy, paranormal,fiction,mystery, thriller, crime,romance",625,Nora Roberts,4.08,3147263,197855.0,In the Garden,5.0,30574,715,4.07
6542991,['6356275'],The Stallion and the Rabbit,2005,['eng'],,,"-glasses,2013-reading-challenge,2015-challenge,26-o,4-aug-category-challenge,a-contemporary,action--adventure,adult-fiction,adventure,amazon-kindle,bdsm,bl,books_4,calibre,captive-kidnapped-hostage,contemporary,contemporary-fiction,cuuuute,disappointing,e-book,ebook,fairy-tales-sort-of,fantasy,fave-characters,fave-rereads,fiction-contemporary,fiction-glbt,free-online,friends-to-lovers,gay,gay-erotica,gay-historical,gay-mm,genre-gay-mm,glbt,have,historical,hot-alpha-male,kindelek,length-tbd,lgbt,little-rabbit,m-m,m-m-books,m-m-contemporary,m-m-own-2-read,m-m-romance,m-m-to-read,male-male,meek-weak-hero,misc,mm,mm-or-mmm,mm-romance,mm-to-be-sorted,my-4-star-favs,my-books,novella,o-maybe-r,on-ibooks,opposites-attract,own-ebook,owned,owned-not-read,owned-tbr,p,pdf-have,possessive-lovers,pub-torquere-press,q,re-read-2012,re-read-2013,read-2012,read-in-2011,recommended,restriction-kidnapping-prison,romance,romantic-read,sheik-royal,sheikh,sheikhs-desert-co,short-story,single-title,stanza,storyteller,tbr-on-tablet,to-read,to-read-glbt,to-read-mm-books,to-read-mm-sheikh,torquere-press,travel-oriented,unread,unsorted,waiting-to-be-read,wish-list,wishlist--m-m,writer-or-reporter,y-lgbt-shorts,yaoi-contemporary","fantasy, paranormal,fiction,history, historical fiction, biography,romance",1648980,Mike Shade,3.46,1919,,,,76,12,3.4599999999999995
6771237,"['6631960', '25445707']",72 Hours,2006,"['en-GB', 'eng']",,,"1st,1st-in-series,2012-read,2013-reads,2017-tbr,2nd-chance-at-love,3-star-read,action,action-mystery-thriller,adult,adult-romance,amazon,asap,books-i-own,books-read-in-2017,bought-not-read,bought-unread,completed-series,contemporary,contemporary-romance,contemporary-series,current-pifm,currently-reading,dnf,e-book,e-books,ebook,ebooks,epub,epubs,favorites,fiction,finish-author,first-in-series,free,free-kindle-books,free-kindle-to-read,freebie,genre-romantic-suspense,i-am-too-old-for-this-nonsense,i-own,kindle,kindle-9,kindle-books,kindle-freebie,kindle-loanable,kindle-to-read,labeled-2016,lendable,logged,m-f,maybe,military-romance,my-kindle,my-library,mystery,mystery-thriller,need-to-buy,nook,not-as-currently-but-soon,novella,on-my-kindle,own-and-need-to-read,own-as-kindle,own-to-read,owned-to-read,pages-100-199,part-of-a-series,read-2016,read-in-2010,read-in-2012,read-in-2013,read-in-2016,read-in-2017,recent-ebooks,rom-suspense,romance,romance-suspense,romantic-suspence,romantic-suspense,romantic-suspense-series,second-chances,secret-baby,series,series-to-consider,shannon-stacey,stacey-shannon,suspense,suspense-thriller,tbr-books-on-kindle-app,thriller,to-buy,to-read,to-read-maybe,unfinished,us,want,want-to-read,wish-list,zz4-book-series","fiction,mystery, thriller, crime,romance",149808,Shannon Stacey,3.91,85338,171712.0,Devlin Group,5.0,808,72,3.49
7408409,['7143999'],Deal with a Dhemon,2006,['eng'],86.0,"Samantha Vorning has been a hunter, a singer and a dancer and now she is being hunted. She needs to hide, and General Kassil has been sent to get her to safety. He takes her onto his ship and into his bed. To survive on his home world she might have to make a deal with the Dhemon.","1-owning,18,2016-books,2016-re-reads,3star-liked-read-1x-prob-recom,4-star,alien,alien-romance,aliens,aliens-space,angels-demons,artist-chef-singer-dancer-etc,author-v-grace-z-masters,boring-as-batshit,breed-pregnant,champions-of-terra-series,cliche-and-uninteresting,cop-solder-military-warrior-etc,currently-reading,demon,demons,e-book,ebook,ebook-to-read,ebooks,entertainer,erot-fiction,erotic,erotic-romance,erotica,erotica-and-smutty-smut,erotica-science-fiction,erotica-scifi,f-champions-of-terra-s5x,fantasy,fav-stars-4-read-multiple-recom,favorites,fun-way-to-waste-time,future,futuristic,great-books,hea,hot-aliens-aboard,liked-what-i-read-skim,m-f,manufactured-drama-for-no-reason,meh,men-are-from-mars,mf,moreseries,mybooks,non-earth,not-read-adult,oh-how-convenient,paranormal-romance-series,pregnancy,quicky,r-mf,read-2015,read-alien,read-in-2014,read-more-than-once,read2,romance,romance-fantasy,romance-scifi,rough-and-tumble,rugby,s-f-r,sci-fi,sci-fi-romance,science-fiction,scifi,series,sf,sfr,short-2015,short-2016,short-2017,short-smut,short-stories,short-story,space-aliens,space-travel,space-warriors,striaght,supernatural,to-be-continued,to-read,true-rating,uf-pnr,viola,viola-grace,viola-grace-books-read,waiting-to-be-read,wanted-for-smexiness,wanted-sci-fi-fantasy-or-paranrmlcy,way-too-short-and-rushed,wl-m,z-viola","fantasy, paranormal,fiction,romance",797534,Viola Grace,3.95,42765,173973.0,Champions of Terra,5.0,232,8,3.85
15444497,['10538124'],Highschool is Hell,2007,['eng'],30.0,"A lonely young man finds more than he bargained for when he meets a new student with a rather unique, and possibly deadly, background. (Fluffy and light)
-----
This story is COMPLETE
Word Count: 9,939","0-own-it,0-re-reads,00-online-fiction,00-pdf,1-own-ebook,4-mxm,a-own-wre,a1-shortstory,aa4-like-it,angels,angels-demons,angels-fallen-angels-demons,angst,b-serie,b-stand-alone-short,best-gay-shifters,books,coming-of-age,creepy,cute-books,demons,e-book,ebook,emo-aw-moment-cute-sap,emo-dark,emo-hot,emo-suspense,emo-witty,fanfic-online-or-free-read,fanfic_mm,fantasy,fantasy-paranormal,feel-good-light-sweet-cute,free,free-book,free-fiction,free-online,free-read,freebie,freebies,gay,gen-contemporary,gen-supernatural-paranormal,gen-urban-fantasy,glbt,glbtq,hbhbc,high-school,highschool-college,hurt-comfort,insta-love,lgbt,m-m,m-m-pararomance,m-m-romance,m-m-romance-hot-scenes,mc-is-tstl,mm,mm-romance,more-please,must-have,my-m-m-fetish,naw-ill-pass,next-up,old-bis-20,on-kindle,online,online-book,online-m-m-read,paranormal,paranormal-romance,paranormal-urbanfatasy,paranormal_mm,previous-years,research,romance,romance-life,second-qgb-to-pick,series,short,short-reads,short-stories,short-story,short-story-or-novella,short-stuff-novellas-etc,sit-us,supernatural-beings,supernatural-book-series,th-angel-demon,th-bad-boys-tough-guys,th-friends-to-lovers,th-opposites-attract,th-rich-man,th-school-young-adult,to-read,twisted-hilarity,urban-fantasy,ya-na-coming-of-age,young-adult,z_author_site","fantasy, paranormal,fiction,romance,young-adult",4194669,Twisted Hilarity,3.88,988,234744.0,The Light of the Fallen,2.0,120,15,3.76
6681945,['6490553'],November: Over Here,2008,['eng'],98.0,"Harvey Kramer shipped home from the European front with a damaged leg and memories of a man he couldn't have. Ten years later, on the first official Veterans Day holiday, that man knocks on Harvey's door and turns his world upside down.
Zach Jones never forgot Sergeant Harvey Kramer. Though he made it through the Second World War uninjured, he bears the scars of a love he thought he lost forever. Using the new holiday as an excuse, he tracks down his old friend in hope of a sweet reunion.
Genres: Gay / Nostalgic Contemporary (1950s-era) / Series
Heat Level: 3
Length: Novella (22k words)","--wish-list--,--wish-list-secondary--,-m-m,01-mm-tbr,1to-read-mm,2-nah,2009-what-i-read-this-year,2nd,_c-list,amber-quill-amber-allure,b-i-o,back-burner,bf-s,biblioteca,books,bought-have,calibre,contemporary,contemporary-fiction,cowboys,disability,don-t-have,e-books-i-own,ebook,ebook-owned,ebooks,ebooks-owned,ereader,filed,food,gay,gay-erotica,gay4u,gbq1,genre-porn-with-little-to-no-plot,genre-romance,he,historical,historical-romance,holidays,injuries-disabilities,job,length-50-99p,m-m,m-m-books-i-own,m-m-contemporary,m-m-military,m-m-own-2-read,m-m-read,m-m-romance,m-m-series,m-m-to-read,military,military-men-soldiers-spies,mm,mm-book-challenges-read,mm-character-h,mm-character-j,mm-character-k,mm-character-z,mm-modern-regular,mm-pgs-under-100,mm-romance,mm-to-buy,mm-to-read,mm-to-read-medium,my-books,novella,on-ereader,origdb,own-read-bgr,own-to-be-read,owned,owned-not-read,pdf,power,pub-amber-quill-press,q,rainbow-reviews,received-pdf-epub,relationship-m-m,romance,romance-m-m-to-read,serials-m-m,series,series-books,shit-i-cant-read,tbr,to-read,to-read-i-own,to-read-mm,to-read-series,too-short-to-use,trips,waiting-to-be-read,warriors,wilderness,yaoi,yaoi-military,z","fiction,history, historical fiction, biography,romance",621283,Jamie Craig,3.68,7222,171231.0,Calendar Boys,13.0,38,6,3.5500000000000003
3032065,['3001571'],Samurai Captive,2008,['eng'],,,"100-pages-or-less,1praj-shelves,a-free-ebook,a-to-read-bought,asian-men-white-woman,b-wish-list,bdsm,bdsm-gbc-to-pick-from,bdsm-ish,bdsm-kink,botm-candidate,c-historical-romance,captive-kidnapped-hostage-slave,currently-reading,dnb,dubious-consent-force-nonconsensual,e-book,e-books,ebook,ebooks,erotic-romance,erotic-romance-erotica-romantica,erotica,erotica-dark-psychological-taboo,f-f,featured-sheridan,free,free-reads,freebies,from-amazon,gamma-hero,have,hero-or-heroine-asian,heroes-i-love,het,het-erotica-romance,hh-warrior,historical,historical-romance,hot-as-fuck,kindle-e-book,kindle-freebie,lendable,looseid,m-f-f,m-m,m-m-f,m-m-read,man-man-lovin,maybe,menage-multiple-partners,mf,mmf,my-books,new-month-new-year-challenge,not-on-kindle,pdf,rar,read-in-2010,romance,romance-erotica-tbr-mountzilla,romantica-erotica,smut,to-buy,to-read,to-read-erotica,to-read-kindle,unsorted,when-nothing-else-is-left,wrote-it","history, historical fiction, biography,romance",508983,Barbara Sheridan,3.5,1885,,,,24,6,3.34
8116006,['7233681'],Magnus,2009,['eng'],179.0,"Hoorah! Take no prisoners.
The military is Marine Colonel Joe ""Magnus"" Rivers' reason for being. Protecting the United States of America from all threats is his sole purpose in life. His world is turned upside down when a woman is assigned to his team of elite Marines and his attraction to her threatens his career.
NCIS Special Agent Emily Patterson's orders: infiltrate Colonel Rivers' team and find the culprits behind a rash of kidnappings connected to a sex slave ring. Her mission parameters didn't include an attraction for Colonel Rivers but nothing in Emily's career could have prepared her for Magnus. Her job becomes more difficult as she gets to know the man behind the uniform and Emily finds herself wanting to prove herself to him, potentially exposing her identity before she clears Magnus.
Magnus and Emily struggle against their growing feelings for one another, both knowing the consequences of giving in to lust. Magnus is Emily's team leader and fraternising is against the rules. Emily is investigating Magnus and his team; getting involved with him could ruin her investigation and her career.
Reader Advisory: This book contains some violence and lots of swearing and sexual assault.
Publisher's Note: This book was previously released at another publisher. It has been revised and re-edited for release with Total-E-Bound.","0-collection,0-tbr-ebooks,1-epub,2014-reads,3-half-stars,4-star-books,action-adventure,all-alpha-all-the-time,alpha-controlling-man,alpha-male,alpha-male-to-read,alphas,barnesandnoble,contemp-rom,contemporary,contemporary-romance,cop-miliary-special-forces,coveryum,crime,currently-reading,dark-to-read,did-not-finish,dnf,ebook,epubs,erotic,erotic-romance,erotica,family-stories,fiction,forbidden,free,friendsfirst-neighbours,gedownload,genre-contemporary-romance,girl-power,heroes-in-uniform,hetero,i-heart-military-men,i-own-but-not-read-yet,illicit-love,janet-s-nook,kindle_wishlist,lendable,less-than-200-pages,m-f,m-m,marine,maybe,mf,mf-thriller,military,military-etc,military-hero,military-police-fbi-hero,military-romance,military-romantic-suspense,military-soldier-warrior,military-special-forces-uniforms,military-suspense-specialops-rom,military-yum,mm,must-read-lists,mustread-erotic,mustread-suspense-mystery,my-books,my-to-read,new-author-to-read,nook-books,nope,other-fiction,owned-not-read,pdf-read-or-scribd,prequel-sequel-series,ptsd-trauma-etc,publish-total,purchase-pride,read-first,read-romance-novels,romance,romance-contemporary,romance-erotica,romantic-suspense,sample-on-kindle,series,series-books,series-read,smut,soldier,special-agent-federal-agent,special-op-military-just-badazz,suspense-drama,tbr,tbr-1-m-mm,tbr-mm,to-acquire,to-read,war,wish-list,zzz-misc","fiction,mystery, thriller, crime,romance",2856938,Jambrea Jo Jones,3.72,4429,347331.0,Semper Fi,5.0,68,10,3.67
42435364,['22872769'],Hearts Afire: April,2009,['eng'],86.0,"After being burned in his last relationship, Andreas Sullivan made a promise ... I will never again get involved with a fellow firefighter. That was before ex-Marine, Bobby Ford walked into the fire station and turned up the heat. Emery Sanborne delivers a hot, sizzling M/M romance that will keep you on the edge of your seat Once Burnedthe first book in the Some Like It Hot Collection.
Andreas Sullivan learns that promotion in the fire department comes with its downside when the chief assigns him to settling in their new man and reputed adrenaline junkie, Bobby Ford. However, Bobby proves himself a good addition to the team and makes no secret about his attraction to Andreas.
Early in his career, Andreas had a relationship with another fireman that went sour after he was injured in a call. Since then, he has avoided serious entanglement both on the job and off. But Bobby is persistent and Andreas finds himself falling hard and fast. Once burned, Andreas holds back until a close call makes him reevaluate things.","besties,books-to-consider,comtemporary,contemporary-m-m,cops-fire-military-etc-m-m,currently-reading,firefighters,firemen,gay-romances,h-a-b-mm,liquid-silver-books,m-m,m-m-books-i-own,m-m-contemporary,military,mm,mm-romance,romance-m-m,short-stories,short-story-50-100-pages,tbr,to-read,to-read-next,too-short-to-use",romance,1754521,Emery Sanborne,3.51,101,,,,14,6,3.19
13410738,"['8543019', '9506940']",Love Me,2010,"['en-GB', 'en-US']",220.0,"It's been five years since Lily and Travis fell in love in Take Me....now it's finally time for Janica and Luke to get their very own happy ending.If there's one thing that Janica Ellis is absolutely certain of, it's that she and Luke Carson are totally wrong for each other. She's a wild, artistic and outspoken fashion designer. He's a type A, workaholic trauma surgeon (who just happens to be sizzling hot and her brother-in-law!). But Janica is about to be proven wrong when opposites attract...in the sexiest possible way.
After a life-changing night in the ER, Luke is desperate for escape - and relief from his personal demons. For five years he has fought his attraction to his sister-in-law, but when he's pushed too far, he can't fight it another second. He needs her. Desperately. He's spent his whole life doing the right thing. For one night, he's going to follow desire instead. Straight into Janica's arms.
Janica can't believe Luke is finally at her front door...and that he's kissing her like he's been waiting his whole life for her. But even as their sensual connection deepens with every touch of skin on skin - and the man she always thought was such a good boy turns out to be sinfully, toe-curlingly bad between the sheets - Janica soon realizes she wants more than Luke's body. She wants his heart too. But what will Luke do when one night of extreme passion turns into an all or nothing proposition?","2,2012-read,2012-reads,2013-reads,3-stars,adult,adult-fiction,adult-romance,alpha-male,amazon-freebie,andre-bella,author-bella-andre,bella-andre,bella-andre-books,belle-andre,books-i-own,calibre,chick-lit,contemporary,contemporary-romance,could-not-finish,currently-reading,default,did-not-finish,dnf,downloaded,e-book,e-books,ebook,ebooks,erotic,erotic-romance,erotica,favorite-authors,favorites,fiction,free,free-ebook,free-ebooks,free-kindle-books,freebie,freebies,friends-to-lovers,have,i-own,ibook,ibooks,kindle,kindle-books,kindle-ebooks,kindle-free,kindle-freebie,kindle-freebies,kindle-lendable,kindle-library,kindle-loanable,kindle-read,kobo,lendable,lendables,m-f,mf,modern-romance,my-books,my-kindle-books,new-adult,nook,on-kindle,on-my-kindle,opposites-attract,own-a-copy,own-ebook,own-kindle,own-to-read,owned,owned-books,owned-to-read,part-of-a-series,part-of-series,read-2012,read-2013,read-in-2011,read-in-2012,read-in-2016,romance,romance-contemp,romance-contemporary,romantica,series,spicy,steamy,steamy-romance,take-me,tbr,to-read,to-read-ebook,to-read-free,to-read-own,to-read-owned,unread-on-kindle","fiction,romance",37249,Bella Andre,4.07,226023,217624.0,Take Me,2.0,7920,335,3.77
11119803,['7891311'],The Hunter,2010,['eng'],,"Suzie and her twins tired of running from a violent ex, decide to settle down in sweet suburbia. But forget the quiet life, meet Hunter, Suzie's hot next door neighbor. Masquerading as a private eye, in truth he's a tracker from a magical realm on a quest to keep his world's existence secret. Little does he know that love has its sight on him.
To survive a threat from Suzie's past and a predatory shapeshifter from the Realm, they will rely on the special skills that only the Hunter possesses. But will the Hunter allow himself to be caught for the sake of love?","0-unlimited,1-action,1-adult,1-adventure,1-other-worlds,1-paranormal,1-romance,1-shapeshifter,1-thriller-suspense,2015-botb,2016-reading-challenge,2017-challenges,3-star,4-stars,6-ebooks-unread,a-to-read-first,abusive-ex-abused-spouse-abusi,baby-books,bbw,billionaire,books-i-own,borrowed,bully,children-from-another-relationship,contemporary,contemporary-romance,could-not-finish,currently-reading,deals,dl,dns-shifters-1pov-and-others,don-t-have,dragon,drm-free,e-book,e-books,ebook,ebooks-tbr-k,ebooks-to-read,epub-mobi,erotic-romance,erotica,eve-langlais,fantasy,fantasy-paranormal,favorites,genre-paranormal-romance,have-ebook,ibooks,june-2017,kindle,kindle-own,kindle-to-be-read,langlais-eve,later,library,m-f,magic,magic-users,magic-witches-wizards,mf,my-shelf,need-to-get,neighbours,next-to-read,novella,on-nook,owned,p-n-r,pages-200-250,paranormal,paranormal-fantasy,paranormal-misc-romance,paranormal-romance,paranormal-series,paranormal-shapshifter,period-contemporary,read-paranormativity,romance,rom√°ntica-paranormal,sci-fi,series,series-complete,shapeshifter,shapeshifters,shifters,single-moms,sorcery,sub-genre-pnr,supernatural,suspense-romance,tbr,to-read,to-read-paranormal,to-reread,vampir-shifter-demon,vampire-werewolf-witch-angel-faery,wl-m,zamour-the-realm,zzz-owned","children,fantasy, paranormal,mystery, thriller, crime,romance",3431194,Eve Langlais,3.94,153750,259719.0,The Realm,3.0,246,16,3.92
13143397,['8294798'],The Cowboy Soldier,2010,['eng'],249.0,"Major Rafe Eaglefeather loves a challenge--the riskier the better. A former rodeo champion, he's also served his country. So is it too much to ask for a little solitude to heal from the effects of his deployment? With pushy relatives like his, apparently it is. Despite his protests, they've arranged for naturopath Alexa Robinson to treat him.Since treatment involves staying at Alexa's remote Texas ranch, Rafe sort of gets his wish for peace. Surprisingly, spending time with Alexa helps him feel more like himself. Something about her is irresistible and the attraction between them is growing. It's so strong he's tempted to take the biggest risk of all...committing to her.","144-challenge,161-350-pages,2010-11,6-unwanted,7-scarred-romance,alone-i-stand,bad_short,blind,blind-hero,books-to-buy,contemporary,contemporary-read,contemporary-romance,cowboy,cowboy-western,cowboys,currently-reading,default,depression-anxiety,disabled-hero,disfigured-disabled-leads,doctor,ed-pub-01jan,ed-pub-2014,ff-d-p,fiction,g_romance,harleqiun-super-romance,harlequin,harlequin-superromances,harlequin_superromance-american-etc,harlequinsuperromance,healer,herblist,home,inj,injured-in-service,july,loc_med_28,location-waitlist-library,love-story,meaghan,nook-tbr,not-read-yet,on,on-my-ereader,own---not-read,ranch,romance,romance-mystery,series,series-romance,shelfari-wishlist,superromance,the,the-highlands,to-read,to-read-single-titles,western-romance,wounded-hero-romance,x_disability_sense-related,z_disability_blind","fiction,mystery, thriller, crime,romance",109401,Roz Denny Fox,3.82,1290,,,,43,2,3.4900000000000007
13851147,['8974109'],Interview With Love,2010,['eng'],319.0,"Consumer psychologist Sienna Lambert learns a valuable life lesson when a handsome creative director, named Vaughn Deveraux, enters her life.","african-american,african-american-romance,b-list-mass-market-fiction,books,books-i-have,books-i-own_no-time-to-read-em,contempary,currently-reading,lisa-y--watson,my-epub-or-pdf-books,mykindlebooks,nook-lend-me,own-it,review,reviewed,romance,shelfari-wishlist,to-read","fiction,romance",871028,Lisa Y. Watson,3.93,206,,,,17,6,3.43
14516053,['9628750'],"To Court, Capture and Conquer",2010,['eng'],,"London, 1589
Lord Edward Hartley plans to get revenge against Sir Thomas Sheldon, the man who destroyed his brother, by stealing Sheldon's intended bride. Standing in his way is Lady Elizabeth Gilbert, the girl's chaperone and a reputed paragon of virtue.
Yet Edward cannot help but notice the sensual longing in her eyes. He is sure that her cool exterior conceals a passion waiting to be set free. And when Edward kidnaps Elizabeth by mistake, neither can resist unleashing their desire....","1-historical-romance,2010-11,52-books,adult,bad_reg,books-on-ereader,captive-kidnap-slave,captive-or-kidnap,e-books,ebook,ebook-collection,ebook_exclusives,ebooks,elizabethan-era,harlequin,harlequinhistoricalundone,have-but-not-read,have-but-not-read-yet,here-on-shelf-tbr-ebook,historical,historical-romance,hqn-historical-regency,i-own,insta-love,kidnapping,kindle,kindle-wishlist,loc_med_23,novella,november,only-ebook,own---not-read,pal,read-2013,romance,romance-historical,rromance-historical,short-story,spin-off,steamy-romance,to-read","history, historical fiction, biography,romance",183340,Amanda McCabe,3.5,3178,,,,17,2,3.15
17365027,"['12398810', '12384230']",The Watcher,2011,"['en-US', 'eng']",396.5,"Forensic psychiatrist Kate Myers believes the killer of two teenage girls in Bigler County, California, is the same man who savagely murdered her twin sister over fifteen years ago. Working with a single-minded tenacity, she sets out to prove it.
Deputy Sheriff Ben Slater hides his personal pain behind the job, but Kate's arrival in his county knocks his world on its axis. He wants to believe her wild theory, but the idea of a serial killer with the kind of pathology she proposes is too bizarre.
Together they work to find a killer whose roots began in a small town in Bigler County, but whose violence spread across the nation. A Janus-like killer, more monster than man, he fixates on Kate. The killer wants nothing more than to kill the ""purple-eyed girl again.""","abandoned,amazon,amazon-books,amazon-ebooks,amazon-kindle,audible,audio,audiobook,bigler-county,bookbub,books-i-own,books-on-kindle,books-owned,bought,contemporary,crime,crime-fiction,currently-reading,default,did-not-finish,didn-t-finish,digital,e-book,e-books,e-books-to-read,ebook,ebooks,english,favorites,fiction,first-in-series,free,free-books,free-download,free-ebooks,free-kindle,free-kindle-books,freebie,freebies,have-on-kindle,horror,jo-robertson,kindle,kindle-book,kindle-books,kindle-ebook,kindle-free,kindle-freebie,kindle-freebies,kindle-owned,kindle-tbr,kindle-unlimited,lendable,maybe,murder-mystery,my-ebooks,my-kindle-books,mystery,mystery-detective,mystery-romance,mystery-suspense,mystery-thriller,mystery-thriller-suspense,on-kindle,on-my-bookshelf,on-my-kindle,own-but-not-read-yet,own-ebook,own-it,own-kindle,own-not-read,own-on-kindle,own-to-read,own-unread,owned,owned-books,owned-kindle-books,psychological-thriller,purchased,read-2015,read-2016,read-books,read-in-2017,robertson-jo,romance,romance-suspense,romantic,romantic-suspense,series,suspense,suspense-thriller,tbr,thriller,thrillers,to-read,to-read-ebook,to-read-kindle,to-read-own,to-read-owned,unread-on-kindle","fiction,mystery, thriller, crime,romance",435490,Jo Robertson,3.83,6220,332441.0,Bigler County,5.0,4457,350,3.88
14598771,['9710296'],Redeeming the Rogue,2011,['eng'],336.0,"Michael Rafferty is an agent for the Crown, on the trail of a conspirator championing Irish independence through acts of violence. The trail leads to Washington, D.C., where Rafferty must assume the role of a diplomat in order to set a trap for the villain. To complete the pretense, he'll need to transform his coarse image and find someone to portray his wife.
Lady Arianne Chambers, sister to a duke and well versed in high-society circles, reluctantly agrees to assist Rafferty's charade. She'll teach him the finer points of being a gentleman, but she has no desire for a husband. Yet the honorable and passionate man hidden beneath the rough edges finds his way into her heart. Can she trust her secrets--and her future--to such a seductive rogue?","01-h-romance,01-to-read-hr,11-aug,1star,2011-reads,2015-read-print,2017-challenge,2018z-library,3-historical-series,4-star-reads,a,aa-not-connected,aar-b,acquired-2014-print,across-the-tracks,action-adventure,adult,annoying-heroines,aspen-awards,authors-d,authors-m,auto-buy-author,bad_reg,books-2011,books-i-own,candlelight-historical,check-out-later,currently-reading,did-not-finish,do-not-have-yet,donna-macmeans,e-book,ebook-collection,ebook-loan-tbr,family-and-friends-don-t-approve,fiction,first-reads,free-book,genre-historical,guilty-pleausre,hard-copy,have,hero-spy-agent-etc,historical,historical-fiction,historical-romance,historical-romances,housebook,hr-reverse-slumming,hr-spies,hr-victorian-edwardian,i-own,i-read-library,illegitimate-hero-heroine,irish-hero,kindle-library,library,library-donations-jan-2013,linda,loc-usa,loc_med_26,makeover,mass-market-print,might-read-1-day,my-library,next-reads-2018,not-to-read,ohioana,owned,owned-and-to-read,part-of-a-series,pockets,pretend-marriage,pygmalion-theme,read-2014,regency,review-copy,romance,romance-regency,series,series-c,series-junkie,series-to-read,series_tracked,setting-england,setting-usa-washington-dc,skip-passed,stephy-s-books,tbr-romance,to-buy,to-read,to-read-m,to-read-own,to-read-series,top-100,trilogy,vocation-spy,wee-book-inn,wish-list,writers-i-have-met","fiction,history, historical fiction, biography,romance",880310,Donna MacMeans,3.73,2086,310096.0,Chambers Trilogy,3.0,118,35,3.87
18702458,['13413926'],The Beast,2011,['eng'],52.0,"**This is the sequel novella to Bastien and now has a new, rewritten ending** 11/17/13
There are hard lessons to take from the story of Beauty and the Beast, which tend to be forgotten. Knowing there is a happy ending to be had, we tend to overlook and forgive the Beast's flaws. But what if they're not so easy to dismiss? A gentle man trapped in the body of a beast is one thing. But what if the beast is the gentle one, and the man is the monster? What if to save one, the other must be sacrificed?
Approximately 24,000 words
Available at Smashwords.com
http://www.smashwords.com/books/view/...","2012-own-tbr,adult,adult-books,archived,are-lib,batbb,beauty-and-the-beast,beauty-and-the-beast-books,beauty-and-the-beast-retelling,because-they-were-kindle-freebies,calibre,couldn-t-finish-2013,currently-reading,deleted,e-book,e-book-under-100-pages,ebook-nook,ebooks,ebooks-i-own,elec-own,ereader,fairy-tale-retelling,fairy-tale-retellings,fairy-tale-tropes,fairy-tales,fairytale-retold,fantasy,fantasy-mythical,fantasy-romance,favorites,fiction,free-books,free-ebooks,free-nook-book,free-read,freebie,g-erotica-para_scifi_fantasy,general-paranormal,gn-romance,have,historical,horror,iphone,keepers,kindle,kindle-books,kindle-ebooks-i-have-read,kobo,loved-it,m,m-f,medieval,mystery,need-to-download,nook,nook-books,novella,omnilit-allromance,on-kindle,on-my-kobo,on-nook,own-to-read,owned,owned-nook-books,owned-to-read,paranormal,paranormal-fantasy,paranormal-romance,part-of-series,pn-faeries,premissing,read-in-2012,read-in-2015,retelling,retold-fairy-tale,reviewed,romance,romance-mf,royalty,scbd,series,series-abandoned,series-b,series-need-others-first,shapeshifter-romance,shapeshifters,short-stories,short-story,smashwords,smashwords-freebie,smut,tbr-ebooks,to-buy,to-read,to-read-own,to-read-wish-list,under-100-pages,y-2015-freebie,young-adult,yuck","fantasy, paranormal,fiction,history, historical fiction, biography,mystery, thriller, crime,romance,young-adult",4433913,Alianne Donnelly,3.69,845,357369.0,The Beast,2.0,111,23,3.37
15684722,['10773005'],Crystal's Cowboys,2011,['eng'],248.0,"Crystal finds herself lying in the blazing hot Nevada desert, with no memory of how she got there and two seductive cowboys riding to her rescue. Ranch hands Trey and Rafael are hot as hell and want her desperately--how can she choose between them? Her answer? Seduce 'em both together in the old abandoned bunkhouse where they keep her as their sexy little secret.
Riding double sends Crystal soaring to sexual heights--especially the thought of her two cowboys taming each other as well. But secrets of their own and her forgotten danger could cost her both of her western heroes. Will her wild ride end in a hard fall?","00-nk,2015-reads,adult,adult-fiction,all-menage,alone-i-stand,amazon-review-posted,check-later-i-own-it,contemporary,contemporary-romance,contemporary-setting,cowboy,cowboy-s,cowboys,downloaded,ebooks,ebooks-owned,entire-colection,erotic,erotic-menage,erotic-romance,erotica,fiction,first-read-in-2011,g-contemporary,genre-erotica,genre-romance,giddy-up,gift,have-ebook,hetero,hot-cowboys,hot-hot-hot,kink-anal-play,kink-light-bondage,kink-menage,library,m-m-f,me,menage,menage-cowboy,menage-quatre,menage-romance,menge,mf,mf-romance,mm,mmf,moresomes,moved-me,my-books,my-library-g-j,my-shelf,non-m-m-to-be-read-owned,non-nook-ebk,nook-others,over-200,owned,owned-not-read,pub-siren,read-in-2011,read-nook-book,reviewed,reviewed-on-zon,romance,romance-cowboy,sexy-naughty-books,siren,siren-bookstrand-mmf,siren-bookstrand-publishing,siren-publishing,smut,smutty-trash,stand-alone,take-a-closer-look-at,tbr-books-i-own,the-romance-reviews,theme-western,time-contemporary,to-read,to-sort-erotica,ttrs,warehouse,western,western-cowboys","fiction,history, historical fiction, biography,romance",3440062,J. Rose Allister,3.6,605,,,,48,4,3.53
18591132,"['16225653', '22052095', '16246759', '22596856', '25979502', '30227270', '23790152', '25966791', '25903278', '29847372', '35441344']",Opal,2012,"['en-US', 'eng']",382.0,"The addictive third book in the New York Timesbestselling series...
NO ONE IS LIKE DAIMON BLACK.
When he set out to prove his feelings for me, he wasn't fooling around. Doubting him isn't something I'll do again, and now that we've made it through the rough patches, well... There's a lot of spontaneous combustion going on.
But even he can't protect his family from the danger of trying to free those they love.
After everything, I'm no longer the same Katy. I'm different... And I'm not sure what that will mean in the end. When each step we take in discovering the truth puts us in the path of the secret organization responsible for torturing and testing hybrids, the more I realize there is no end to what I'm capable. The death of someone close still lingers, help comes from the most unlikely source, and friends will become the deadliest of enemies, but we won't turn back. Even if the outcome will shatter our worlds forever.
Together we're stronger... and they know it.","2013-read,2013-reads,2014-reads,2015-reads,4-stars,5-star,action,adventure,alien,aliens,all-time-favorites,alpha-male,amazing,audiobook,audiobooks,bad-boy,bad-boys,best-books-ever,book-boyfriend,book-boyfriends,books,books-i-own,cliffhanger,contemporary,currently-reading,dnf,e-book,e-books,ebook,ebooks,english,fantasy,fantasy-paranormal,faves,favorite,favorite-authors,favorite-books,favorite-series,favorites,favoritos,favourite,favourites,favs,fiction,finished-series,funny,high-school,i-own,jennifer-armentrout,kick-ass-heroine,kindle,kindle-books,library,love,loved,loved-it,lux-series,made-me-cry,magic,must-read,my-books,my-favorites,new-adult,on-hold,on-my-shelf,owned,paranormal,paranormal-fantasy,paranormal-romance,pnr,re-read,read-2013,read-2014,read-2015,read-in-2012,read-in-2013,read-in-2014,read-in-2015,read-in-2017,read-in-english,reread,reviewed,romance,sci-fi,science-fiction,scifi,supernatural,swoon-worthy,tbr,teen,to-buy,to-read,unfinished-series,urban-fantasy,wish-list,ya,ya-books,ya-fantasy,ya-romance,young-adult","fantasy, paranormal,fiction,romance,young-adult",4476934,Jennifer L. Armentrout,4.24,1388218,328631.0,Lux,14.0,3919,514,4.34
21739982,"['18220635', '17326309', '15985508', '22453929']",Shadows and Silk,2012,['eng'],264.0,"Librarian's note: Alternate cover edition of ASIN B00ARZ4Y3C.
Agent Brant Scott knows when a battle is lost. He's been an integral part of hunting down members of the del Fuego cartel for years, but it's not the violent criminals that have the ability to bring him to his knees. That honor belongs to one woman. And after spending a night in Darcy MacKenzie's bed, he knows he has to disappear from her life or risk her finding out the one secret that can make her despise him forever.
Darcy MacKenzie is hell on wheels. At least that's what her brothers tell her. And when she has the chance to work with the elite team assigned to destroy the most dangerous drug cartel in the world, she jumps at the chance to lend her expertise by deciphering the Mayan hieroglyphs the cartel is using to send messages.
The only problem is her partner is none other that Brant Scott--the only man she's ever loved and the one who left her without a backward glance. With secrets of her own--and a body built for sin--Darcy is more than an equal match for the stubborn Brant. But loving each other could be more of a risk than either is willing to take.","0-this-book-is-part-of-a-series,2013-reads,4-star,a-liliana-hart,action,action-suspense,adult,adult-romance,alpha,alpha-male,alpha-male-romance,audiobook,big-bad-sexy,books-in-a-bundle,calibre,contemporary,contemporary-romance,cops-private-investigators,currently-reading,damaged-hero,downloaded,e-books,e-kind,ebook,ebooks,erotic,erotic-romance,erotic-suspense,erotica,family-series,favorite,favorite-authors,favorites,fiction,friends-to-lovers,hart,hea,ibooks,incomplete-series,kindle,kindle-books,kindle-unlimited,kobo,law-enforcement,library,lilian-hart,liliana-hart,lilianna-hart,lilliana-hart,love,mackenzie-brothers,mackenzie-family,maybe,men-in-uniform,mf,military,military-men,military-romance,my-books,mystery,mystery-crime,mystery-suspense,need-to-download,nook-books,older-man-younger-woman,own-to-read,owned,owned-books,part-of-a-series,possessive,pregnancy,quick-read,read-2014,read-in-2013,read-in-2017,reading-list,rom-suspense,romance,romance-contemporary,romance-erotic,romance-suspense,romantic-suspense,rt2013,series,series-to-read,shelfari-favorites,suspense,suspense-mystery,suspense-romance,the-mackenzie-brothers,the-mackenzie-family-series,to-be-read,to-buy,to-read,to-read-1,to-read-series,waiting,want-to-read,wish-list,z-audible","fiction,mystery, thriller, crime,romance",4905702,Liliana Hart,4.06,98730,421127.0,The MacKenzie Family,28.0,2672,151,4.34
18717886,['13415269'],Murder Deja Vu,2012,['eng'],316.0,"Wealthy architect Reece Daughtry spent fifteen years in a Massachusetts prison for a murder he didn't commit. Released on a technicality,he now makes his home in the mountains of North Carolina, building rock fireplaces for a waiting list of clients. His self-imposed solitude is shattered when author Dana Minette asks him to build a fireplace in her new house. Dana becomes more than a client, and for the first time in twenty years, Reece longs to be with someone other than himself.
Then a local woman is murdered in the same savage manner as the murder that sent Reece to prison. More than one person wants him to take the fall, including Dana's ex-husband, the local prosecutor, who's determined to convict Reece in the high-profile case. But Reece won't be railroaded again. Four men were with him the night of the first murder. One of them is the killer. Reece goes underground to discover who's setting him up and why. Dana insists on going along, and against his better judgment, he relents. With both the police and FBI on their trail, it's a race against time and a crafty murderer who will kill again.","1-kindles-mystery,2-amazon-ebooks,2013-tbr,2015-goal,2017_books,300-399-pages,3__my-audible-shelf,a-own,action,all-books,amazon-fiction,amazon-free-e-books,amazon-freebies,amazonimport,audio,audiobook,audiobooks-i-own,books,cozy-mysteries,cozy-mystery-hijk,crime-stories-murder,currently-reading,e-book,e-books,e-books-kindle-nook-google,e-kind,ebook,ebook-from-amazon,favorites,fiction,free,free-ebook,free-kindle,free-kindle-books,free-reads-maybe-read,freebies,jaclyn-s-kindle,james-my-choice,kindle,kindle-books,kindle-books-on-deck-free,kindle-ebook,kindle-freebie,kindle-i-own,kindle-to-read,kindle-unlimited,kindle-unread,loaner,marys-already-read,mission-aborted,modern-mysteries-and-thrillers,modern-romance,murder-mystery,my-kindle,my-kindle-books,mysteries,mystery,mystery-american,mystery-suspense,mystery-thriller,north-carolina,old-kindle,on-kindle,on-my-kindle,one-singular-sensation,oops-nevermind,own-have,own-k,own-to-read-on-kindle,owned,owned-books,owned-shelfari,pages-301-500,polly-iyer,queued,read-in-2015,read_a-long-time-ago,rom-suspense,romance,romance-contemporary,romance-suspense,romantic-suspense,rs,stalk-this-author,suspense,suspense-romance,tbr-owned,tcf-reading-challenge,thriller,to-read,to-read-bought,to-read-last,to-read-maybe,to-read-next,to-read-own,to-read-owned,uno-2017,womans-fiction,z-other-incl-classics,zzz-owned","fiction,mystery, thriller, crime,romance",5368875,Polly Iyer,3.87,2656,,,,417,58,3.84
21459307,"['15759721', '18977913']",Sable,2012,['eng'],,"Dr. Akila Marshall is a veterinarian with a calling - save as many stray animals as possible. The only child of wealthy, yet distant parents, she's convinced that love is not for her. Until...
Sable's search for his twin sister leads him to Akila. Born into a rare species of wolf shifters whose main purpose is protecting others, he has always been forced to fend for himself, but Akila's loving, protective nature draws him - and not a moment too soon. Together, they must learn to trust each other enough to overcome a new, deadly enemy.","03-amazon-kindle,1st-in-series,4-star-romance,6-stars,a-kindle-edition,added-from-calibre,adult-content,alpha-male-s,alpha-males,amazon-ebooks,books,books-on-kindle,books-to-get,cloud,contains-sexual-content,contemporary,copy-received-for-review,curious-about-ii,currently-reading,daddy-dark-s-baby-warrior-list,ebooks,empathy,erotic,fantasy,favorites,free,free-books,freebie-owned,freebie-owned-to-read,fun-read,genre-syfi-fan-horr,goodread-authors,got-but-not-read-yet,heroine-is-a-doctor-healer,heroine-saves-hero,indie,instafreebie,interracial-romance,ir-black-woman,kick-n-pick-for-me,kindle,kindle-6,kindle-freebie,less-than-100-pages,library,logged,maybe-books,must-read,my-books,new-adult,nook-book,novella,on-my-kindle,over-4-star-avg-rating,owned,owned-ebook,owned-to-read,page-turner,paranormal,paranormal-fiction,paranormal-horror,paranormal-magical-fantasy,paranormal-romance,paranormal-series,part-of-a-series,pov-3rd-person-omniscient,prejudice-of-any-kind,reading-alley-copy,review-for-author-publisher,review-for-reading-alley,romance,romance-demons-supernatural,romance-troupe-author,romantic-graphic-sexual-scenes,series,shapeshifters,shelf-r-authors,shifters,short-stories,t-b-r,to-buy-or-preodered,to-read,to-read-sic-fi,type-shifters,unread-not-lendables,werewolf,werewolf-romance,werewolves,wolves,won,young-adult,z-list","comics, graphic,fantasy, paranormal,fiction,romance,young-adult",806122,Dariel Raye,4.27,448,589637.0,Dark Sentinels,2.0,88,34,4.19
19246232,['13635286'],Ravished Before Sunrise,2012,['en-US'],,"Born with the unusual ability to see what truly lies in the shadows, Emalee Black is stuck between two worlds, the paranormal and the human. Neither one accepts or understands her and she's forced to live a quiet, boring life in hiding. When her best friend mentions 1Night Stand dating service, Ema chooses a role-playing adventure straight out of her romantic fantasies. She's to hunt her very own vampire and have her wicked way him.
Vampire Darian Wyman is surprised when his daughter signs him up for a one-night stand with an exclusive matchmaking agency. At first he's appalled by the idea, but as he reads the details of the date, he becomes intrigued. For one night he will get away from the life he has long grown tired of to be hunted and captured by a would-be huntress. But he has plans of his own for his little vixen.
However, when Darian discovers the truth about Ema's inhuman abilities, the date could end before it gets started.","1-night-stand-series,1ns,2012-reads,2012-releases,a-1night-stand-story-calibre,adult-fiction,aol-mail,books,boxed-set,boy-girl,coffeetimeromance,comptr-nook,decadent,decadent-publishing,ebook,ebooks-owned-read,epilogue-is-great,epub,erotic,erotica,fantasy,fantasy-paranormal,favorite,favorites,five-star-rating,flightsfantasy,forgettable,have,have-in-anthology-bundle-or-singles,interested-in-reading,kindle,kindle-books,lia-davis,library,library-flash,love-one-night-stand,magic,maybe-books,mobi,nook,on-calibre,on-my-shelf,owned,owned-books,paranormal,paranormal-romance,part-of-a-series,pdf,pnr-challenge,reading-romances-challenge,romance,romance-1ns,series,series-but-stand-alone,sexy-vampire,short,short-read-50-pgs-or-so,to-buy-list,to-read,to-read-owned,unaware-not-human,vampire,vampire-1night-stands,vampires,vampires-demons,witches,wl-m","fantasy, paranormal,fiction,romance",5829989,Lia Davis,4.04,7709,499041.0,1Night Stand,247.0,48,13,3.73
19019965,['13484704'],"All Mye Queen's Men, New Beginnings",2012,['eng'],,"Chaos continues to flow like a raging river in the life of the stunning Medical Student, Mye Queen. Caught in her own tangled web of lies, infidelity and deceit Queen is forced to juggle three gorgeous men, a baby and Medical School. Faced once again with Baby Mama drama and serious man problems, Queen makes a radical decision which will change the course of her life. Naughtiness, betrayal, and a whole lot of craziness ensue as the needy and greedy Mye Queen struggles to find true love.
Captivating, addictive, funny, and oh so sexy, the epic tale of Dr. Mye Queen and the men that vie for her love picks up where it left off in this fourth installment of All Mye Queen's Men. An intriguing, riveting, honest look at love, sex, infidelity and crazy grown folks' drama awaits anyone who dares to take a peek into the life of Mye Beloved Queen and the men who dare to love her.","african-american-literature-fiction,finished-reading,i-own,romance,to-read","fiction,romance",5407823,Brenda Stokes Lee,4.21,1264,370670.0,"All Mye Queen's Men, Chronicles of Love",7.0,40,3,4.6
24045205,['17332795'],Hailey's Comments,2012,['eng'],198.0,"From some secrets, just like from some men, there's no escape.
No one knows that sassy but shy Emma Clements is the voice of her grandmother's advice column, Hailey's Comments, until handsome Ryan Everett discovers the truth. To avoid his teasing questions and his you-can't-fool-me remarks, Emma and her ugly dog Wyeth flee to sparsely populated Lister Island in the Puget Sound, where Emma intends to devote the summer to her painting and art.
On Lister Island, Emma encounters a pistol packing priest, a pair of greedy organic food farmers, an octogenarian jail keeper and Ryan Everett. Soon, Emma is much more concerned about her heart than her art. After a series of disturbing coincidences, Emma suspects that the life of Helen Dunsmuir, Lister Island's recently deceased grande dame, is tied to her own. As she unravels the secrets of Helen's life--and untimely death--Emma learns that problems are rarely solved with a quip or platitude, and that it's better to love than to comment.
Hailey's Comments, a romantic suspense reminiscent of Mary Stewart, was a quarter-finalist in the Amazon Breakthrough Contest.","2016-book-challenge,amazon-kindle,art,craving-for-cozies-2016,crime-solving,fiction,gothic-vintage,in-collection-already,independent-reviw,indie-own,just-nope,k3,kindle,kindle-8,kindle-cloud,kindle-freebie,kindle-ipad,kindle_app,kindled-but-need-to-read,love-story,mystery,mystery-adventure-suspense,mystery-suspense,old-stuff,over100under200,own-on-kindle,pending-placement,places-local,purchased-062013,quickreads,relationships,review-reads,romance,romance-general,shelf-t-authors,suspense,tate-kristy,to-read,to-read-bought,ugh","fiction,mystery, thriller, crime,romance",5100336,Kristy Tate,3.68,4676,,,,31,12,3.58
21445815,"['15751477', '23704923']",The Ulfric's Mate,2012,"['en-GB', 'eng']",167.0,"Killers are attacking the pregnant weres of Nolan Littlebull's pack, the Wahpawhats. Can he catch them without destroying his own chance at happiness?
Alex George, only half Native and half were, was a misfit with the Lupin pack despite being the healer. Roxy, the ruthless Lupa, wants her for something nefarious, but Alex doesn't know what. She will join with Nolan, Ulfric of the Lupins rival pack, to bring Roxy to justice, but will it cost her her life?
Even worse, all signs pointed to Nolan being her mate. The wolf in him calls to hers, and his honor and strength--not to mention downright sexiness--calls to her as a woman. But their joining could tear apart two packs.
Can they bring the killers to justice--pack or human, work through pack politics, and be together? Can they even survive?","1book-in-series,3-epubs-to-go,adult-18,adult-fantasy,angel-s-books-ab,bex-s-review,bought,bq-bz,competition-entered,comptr-nook,currently-reading,definitely-going-2-read,epubs,fantasy,favorite-authors,fiction,have,i-hate-it,kobo,m-m-wish-list,maybe-to-read,medium-steam,mf,mustread-erotic,mustread-erotic-paranormal,mustread-paranormal,no-ebook-dl,not-in-home-library,not-so-much,owned,paranormal,paranormal-romance,paranormal-urban-fantasy,premissing,published,random,read-first,reading,romance,serie-volledig,series,series-i-like,shape-shifters,shapeshifters,smexilicious,supernatural,terminados,to-read,to-review,traducidos,vamp-were-witch,werewolf-series,werewolves","fantasy, paranormal,fiction,romance",4016631,Leona Bushman,4.06,117,538929.0,War of the Weres,2.0,24,5,3.77
23645637,['17192413'],Warrior Rogue,2012,['eng'],410.0,"When fashion designer Jennifer Dyhr loses her lead actor for a video-game commercial, a replacement literally drops from the sky. Reluctant to let him leave, she hires him as a model for her studio. But when terrorists attack their flight home, Jen must awaken powers she didn't know she had to protect them both. Will she be able to keep her heart safe from the sensual man beside her?
When space ops warrior Paz Hadar falls through a spatial rift onto Jen's set, he soon realizes she is essential to his mission. Not only must he protect her, his success depends upon her special powers. But as they struggle to stay one step ahead of the enemy, he discovers that fighting his attraction to the lovely Jen is as much a challenge as keeping them both alive.","0-to-read-someday,1-have-remove-once-read,3-stars,adventure,aliens-space,amazonimport,book-tour,calibre-library,contemporary,contemporary-kindle,ctr,currently-reading,did-not-finish,ebook,faerie,fantasy,fantasy-romance,free,freebie,freebie-owned-to-read,freebies-to-read,kindle,kindle-books,kindle-books-to-lend,kindle-ebooks,kindle-edition,kindle-free,kindle-freereads,kindle-lendable,kindle-library,kindle-mess-unread,kindle-own,kindle-own-freebie,lending-library,music-movies,must-have,my-kindle-books,mystery,ob,own-free-book,own-tbr-fr,owned,para,para-powers,para-space,paranormal,paranormal-romance,paranormal-romance-series,part-of-a-series,pnr,pnr-scifi-rom,pnr-uf,purchased-to-read,random,read-2013,review-copy,reviewed-in-2013,romance,sci-fi,science-fiction,science-fiction-romance,science-fiction-romance-series,sequel,sfr,skimmed-cvr-need-more-info,standalone,sweeps,tbr-freebies,tbr-list,time-or-interdimensional-travel,to-be-read-kindle,to-read,to-read-owned,undefined,want-to-read,werewolf-shape-shifter,wish-list-to-finish-series,woo-woo","fantasy, paranormal,fiction,mystery, thriller, crime,romance",91508,Nancy J. Cohen,3.69,3867,472516.0,The Drift Lords,3.0,20,10,3.4300000000000006
24887853,"['17793097', '18595523', '18690816', '35820486']",Step Back in Time,2013,"['en-US', 'eng']",442.0,"Alternate cover edition of: ISBN 075155023X & 9780751550238
An irresistibly romantic time-travel comedy--how many lifetimes would you travel to find a love that lasts forever?
When single career girl Jo-Jo steps onto a zebra crossing and gets hit by a car, she awakes to find herself in 1963. The fashion, the music, her job, even her romantic life: everything is different. And then it happens three more times, and Jo-Jo finds herself living a completely new life in the 1970s, 80s, and 90s. The only people she can rely on are Harry and Ellie, two companions from 2013, and George, the owner of a second-hand record store. If she's ever to return from her travels, Jo-Jo must work out why she's jumping through time like this. And if she does make it back, will her old life ever be the same again? Step back in time with this fabulously fun and feel-good comedy of time travel and romance.","1960s,1970s,1980s,2013-reads,2013-releases,2017-books,4-stars,adult,adult-fiction,ali-mcnamara,alltimefavourites,audible,best-cover,book-shelf,books,books-hannah-might-enjoy,books-i-own,books-read-in-2013,books-to-buy,borrowed,brit-chick-lit,buy-me,chic-lit,chick-lit,chicklit,contemporary,contemporary-romance,currently-reading,default,dnf,ebook,ebooks,england,english,fantasy,fantasy-ish,favorites,favourites,fiction,have-need-to-read,humour,in-my-library,kindle,kobo,library,library-book,library-books,listened-in-english,london,magic,magical-realism,makes-life-more-fun,maybe,maybe-someday,my-books,mybooks,nook,on-my-bookshelf,on-my-shelf,own-to-read,owned,paperback,paranormal,pretty-covers,read-2013,read-2014,read-2016,read-2017,read-fiction,read-in-2013,read-in-2014,read-in-2015,read-in-2016,read-in-2017,read-in-english,read-sci-fi,romagic,romance,romantic-comedy,sci-fi,science-fiction,stand-alone,sub-2,summer-girls,superb-british-chick-lit,tbr,tbr-own-physical,time-travel,time-travel-books,time-travel-romance,to-buy,to-read,to-read-18,to-read-in-english,to-read-need-to-buy,to-review,want,winter-2017,wish-list,women-s-fiction,young-adult","fantasy, paranormal,fiction,romance,young-adult",3329355,Ali McNamara,3.76,19592,,,,1429,222,3.88
19930052,"['18914141', '18346297']",Thin White Line,2013,['eng'],192.0,"Good girl gone bad...
Kenzie's picture perfect California life is turned upside down when her father leaves the family for another woman. Within months, she goes from private school and posh beachside living to public school and a sub-par apartment in rainy Washington.
On her first day at her new school, Kenzie is reunited with her cousin Brooke, a rebellious senior who sings in a popular rock band with two of the sexiest men Kenzie has ever met.
Kenzie is soon swept into a world of partying, concerts and tattooed bad boy rockers. Just when she starts to feel like she finally belongs, a single night and a fateful decision changes everything.
New Adult Contemporary Romance
**Mature Content Warning** This book is recommended for ages 17+ due to sexual situations, drug use and strong language.","100-200-pages,1st-in-series,2014-books,adult,alpha-bad-boy,amazon,amazon-freebie,bad-boy,bad-boys,bookbub,books-i-own,books-on-kindle,chick-lit,contemporary,contemporary-romance,currently-reading,dnf,drugs,e-book,e-books,ebook,ebooks,favorites,first-reads,free,free-book,free-books,free-kindle-books,free-on-kindle,freebie,freebies,have,have-it,high-school,high-school-romance,i-own,ibooks,kindle,kindle-books,kindle-free,kindle-freebie,kindle-freebies,kindle-lendable,kindle-not-read,kindle-read,kindle-tbr,kindle-to-read,library,love-triangle,loved,might-read,music,musicians,na,new-adult,new-adult-romance,on-kindle,on-my-kindle,own-but-haven-t-read,own-it,own-kindle,own-on-kindle,own-tbr,own-to-read,owned,owned-books,owned-but-not-read,owned-to-read,purchased,purchased-to-read,quick-read,read-2014,read-in-2013,read-in-2014,realistic-fiction,rock,rock-band,rock-star,rock-star-romance,rock-stars,rocker,rocker-romance,rockers,rockstar,rockstars,romance,series,stand-alone,standalone-series,tattoos,to-find,to-read,to-read-on-kindle,to-read-own,up-next,waiting-on-my-kindle,ya,ya-na,ya-romance,young-adult","fiction,romance,young-adult",5005267,J.A. Templeton,4.06,14564,606535.0,Badboy Rockers,2.0,1351,102,3.7000000000000006
26163056,['18484593'],The Hitwoman and the Neurotic Witness,2013,['eng'],161.0,"Book 5 in the Confessions of a Slightly Neurotic Hitwoman series
When her apartment building is blown to smithereens, bumbling hitwoman Maggie Lee is forced to move back into the Bed & Breakfast she grew up in.
Living with her three meddling aunts is bad enough, but it just so happens that the B&B is also occupied by a U.S. Marshal, an FBI agent, her old friend Zeke who's on a mysterious mission, and a woman who claims she can see dead people. These aren't the kinds of roomies Maggie wants to spend time with, considering that in order to pay for her niece's medical care she supplements her income by killing people.
Maggie avoids arrest and deals with a crazier-than-usual home life while trying to track down exactly who is blowing up the holdings of various crime families. To make matters worse, she's walking a precarious tightrope between keeping her mobster bosses happy and protecting her murder mentor (and almost lover) Patrick Mulligan.
Aided by the warped predictions of her semi-psychic friend, her sarcastic, demanding, talking lizard and an always ravenous, dyslexic Doberman, Maggie juggles keeping secrets, unraveling riddles and protecting those she loves. Can she do it all? Or will she suffer yet another unspeakable loss?","01-1_english,01-2_funny,01-2_love_evil,01-3_books,01-3_u250,03-series-wish-list,1-my-library,2-read-purchase,2016-books-read,2017-read,3-5-stars,3-chick-lit,5stars,8-series-10-15,a-amazon-wish-list,assassin-bounty-hunter-vigilante,author-l,available-to-loan,blackkindle,book-5-in-a-series,books,c-purple,chick-lit,chick-lit-crime,contemporary,cozy-mysteries-read,cozy-mystery,cozy-mystery-amateur-sleuth,currently-reading,e-book,e-books-to-read,easy-read-quick-read,ebook,fantasy,favorites,fiction,fiction-humor-read,following-series,fun,fun-series,funny,funny-mystery,funny-romance-all,got-it,h,hitwoman,horror,humor,humorous,ibook,kickassladies,kindle,kindle-library,lendable,light-hearted,light-hearted-comedy,maggie-lee-series,misc-series,murder-crime-mystery,mybooks,mys-sus-romance,mysteries,mystery,mystery-suspense,mystery-thrillers,nook,not-as-currently-reading,not-read-yet,on-kindle-have-not-read,own-kindle,owned,owned-amazon,owned-and-unread,paranormal,pc-100-199,popcornbooks,psychic,purchased-borrowed,rated,read-2016,read-before-feb-20-2015,read-in-2014,read-not-rated,romance,romantic-elements,romantic-suspense,s,sequential,series-and-sequels,series-tbr-pending,strong-female-lead,suspense,suspense-thriller,talks-to-animals,tbr-2013,tentative-reading,the-hitwoman,thigh-slapper,to-purchase,to-read","fantasy, paranormal,fiction,mystery, thriller, crime,romance",4855436,J.B. Lynn,4.25,9335,549178.0,Confessions of a Slightly Neurotic Hitwoman,17.0,516,23,4.34
21390197,"['15718644', '18243455']",Her Perfect Match,2013,['eng'],250.0,"She will do anything for him...except surrender. 
Vivien Manning, the notorious Mistress Matchmaker, is tired. Tired of the parties, tired of the lovers, tired of being her. So she decides to leave London behind once and for all and start a whole new life.
But before she goes, she must tie up some loose ends, so she makes a list which includes one man she's never been fully able to let go:
Benedict Graystone.
Benedict was broken when Vivien broke off their affairs years ago. So when she comes back into his life... and his bed, he isn't certain of anything except the power of their desire.
But as Vivien moves ever closer to disappearing forever, both of them begin to question if the past can be overcome and if love might be the one loose end that cannot be neatly tied up.
Warning: This book contains scenes of a powerful woman, unafraid of her sexuality, trying to find her way in the world. There is a brief scene of a threesome M/F/M and then one woman falling madly in love with one man. Proceed with caution, a fan and tissues.","2013-reading-challenge,2016-audiobook,2016-read,2017_historical-romance,3-stars,4-stars,adult,aer,all-the-sex-and-naked,audible,audible-audio,audiobook,available,bad_reg,books-owned,clashes-of-class,currently-reading,did-not-finish,don-t-have-yet,e-book,ebook,ebook-on-my-computer,ebooks,ebooks-i-own,ebookvampire,england,erotic,erotica,extra-passion,fallen-woman,fiction,heroine-courtesan-prostitute,heroine-with-a-difficult-past,historical,historical-england-1700s-1800s,historical-erotic-romance,historical-erotica,historical-favs,historical-fiction,historical-fiction-romance,historical-read,historical-romance,historical-series,hoopla,hoopla-next,hot-historical-romance,hot-hot-hot,in-library-for-later,in-series-or-trilogy,jess-michaels,jess-michaels-mistress-matchmaker,kindle,kindle-historical-romance-erotica,library-list,library-or-borrowed,listened,make-me-blush,michaels-jess,my-books,narrated-by-carmen-rose,next-to-read,next-up-library-checkouts-inseries,nook,nope,not-interested,not-interested-in,opposites-attract,owned,part-of-a-series,read-2015,read-2016,read-in-2015,read-in-2017,read-on-kobo,read-romance,read-this-2015,regency,regency-era,regency-romance,regency-romp,regency-victorian-romance,romance,second-chance,second-chance-romance,second-chances,series,someday,stand-alone-books-to-read,tbr-historical,tbr-own,theme-love-second-time-around,theme-pining-hero-or-heroine,to-read,tr-his-his,wish-list,women-helping-women,women-s-lit-fiction,x-read_2005-2015,z-mistress-matchmaker-series,z-romance","fiction,history, historical fiction, biography,romance",67123,Jess Michaels,3.87,24368,390387.0,Mistress Matchmaker,3.0,472,47,3.89
24989297,['17852846'],Virgil,2013,['eng'],124.0,"[Menage Amour ManLove: Erotic Alternative Paranormal Menage a Trois Romance, M/M/M, vampires, fae, HEA]
Virgil has been hiding something... But then again that isn't anything new to him. He doesn't fit in with the family that doesn't even know who he really is. Learning long ago that he wasn't normal, he strives to just fit in. Fate just doesn't seem to have it in the cards for him.
Mareo and Foma have been searching for their other mate for centuries. Now that they think they've found him, Virgil's running from them. Panicked that he's only staying in Greece a few days and confused by his reaction, they decide to take desperate measures. After their plan backfires instead of opening up Virgil to being their mate, can they convince him they were only trying to help? Or will it be the last straw to push Virgil over the edge and leave everything behind to start over somewhere else, saying good-bye to the Mariuses forever?
Note: This book is written in first-person point of view.
Note: This book contains double anal penetration.","2-nah,3-stars,angst,atrocious-cover,bad-present,be-my-boyfriend,currently-reading,damaged-hero,demon,demons,don-t-read,double-penetration,ebook,elf-fae-dwarf,elves,erotica,established-couple,fae,fantasy,fated-mates,favorite-gay-shifters,favorites,fiction,finished,flynn,gay,glbt,got-old-fast,holy-hotness,how-ebook,how-series,joyee-flynn,m-m,m-m-m,m-m-paranormal,m-m-romance,magic,menage,menage-bdsm,mm,mm-character-f,mm-character-m,mm-character-v,mm-fae,mm-fantasy,mm-fated-mates,mm-menage,mm-paranormal,mm-pgs-100-199,mm-pnr,mm-romance,mm-vampire,mm-vamps,mmm,mmm-paranormal,modern-day,more-in-the-series,multiple-partners,mushy,not-yet,novella,on-the-shelf,one-click-author,one-click-series,owned,owned-but-deleted,paranormal,paranormal-romance,pnr,read-2017,romance,series,shifter,shifters,siren-bookstrand,siren-publishing,smarty-pants,so-sweet,supernatural,to-read,to-read-mm,true-mate,vampire,vampire-romance,vampires,vamps,want,warriors,werewolves,what-lgbtq,what-male-protagonist,what-mm,what-mm-not-yet,what-modern-fantasy,what-paranormal-romance,what-shifters,what-vampires,where-grr-mine,wizards-fairies-mystical-creatures,yaoi-siren-publishing","fantasy, paranormal,fiction,romance",3500215,Joyee Flynn,3.81,57233,497391.0,Marius Brothers,8.0,427,17,3.98
26225516,['18522983'],Off the Ice,2013,['eng'],,"In the second installment of The Penalty Kill Trilogy, Levi Carr and Presley McCarthy continue to rebuild their relationship as they deal with surprises and other problems.
Levi is trying his best not to hover with worry over his father after his heart attack. Presley is still trying to gain the love and respect from her parents and keep her independence as well. They lean on one another for support and work through these issues together.
As the offseason progresses and a long time friend of Presley's returns, trust issues arise between the couple as Presley tries to fix her relationship with her parents and Levi works towards his NHL dream.
Will their relationship survive off the ice?
*Book intended for mature audiences.*","0-series-to-read,1-read,2013-release,2014-books,2014-read,2015-battle-of-the-books-challenge,4-books-about-1-couple,4-star-really-liked-it,4-stars,athlete,boo,book-boyfriends,book-challenge-2014,book-series,books,books-i-have,books-i-own,books-like-sweet-home,books-to-reread,can-t-find-online,cliffhanger,college,college-romance,college-theme,coll√®ge-lyc√©e-√©cole,completed-series,contemporary,contemporary-romance,cover-used-b4-or-seems-same,currently-reading,december-2013,do-not-have-anymore,dual-pov,dwnld,e-book,ebook,ebooks-i-own,family,family-drama-rama,favorite,favorites,fic-m-e,gifted,have,have-to-pay,have-to-read,he-left-her,hockey,hockey-hunks,hockey-novels,hockey-other-sports,hockey-romance,hockey-romances,i-have-it,i-need-to-read,ibooks,installment-bk-2,ipad,jock,kindle,library,lindsey-paige,lsb-continuaci√≥n,modern-romance,need-to-download,new-adult,no-def-release-date-4-nxt-bk,no-thanks-sports,not-historical-romance,own-as-kindle,owned-epub,part-of-a-series,read-2014,read-in-2016,read-may-2014,read-me-now-series,really-want-to-read,romance,series,series-complete,series-reads,series-to-finish,sport,sports,sports-hockey,sports-romance,sports-themed,tara,to-buy,to-read,to-read-or-not-to-read,to-read-own,top,trilogy,wishlistpriority,wont-read-installment-book,wot-a-pity-installment-read,ya,young-adult,zdecpriority","history, historical fiction, biography,romance,young-adult",5264554,Lindsay Paige,3.86,11813,545888.0,Penalty Kill,4.0,398,13,4.2
28095199,"['20262165', '22363371']",Redemption,2013,['eng'],447.0,"alternate cover edition for ASIN:B00HGVPC5E
Redemption,the second book in the Iris Series by Rebecca Lynn, is a standalone novel that promises to deliver as much steam and desire as the first book! Release introduced you to Ryann and Jeremy. Enjoy reading as the love story continues with Ayanna and Jonathan.
Ayanna Sarin, an exotic beauty with a 'take no prisoners attitude', has finally decided to turn over a new leaf. A passionate chef and food blogger, she is ready to re-evaluate her life, especially her choices in men. After a series of failed relationships, she's determined to find 'Mr. Right.'
Jonathan White is a sexy conservative and former Wall Street investor. Two months after meeting Ayanna, he still can't get her out of his mind. Even though he has his own demons to exorcise, his attraction to Ayanna continues to draw him to her.
As the sexual tension builds, both Ayanna and Jonathan must ask themselves if they can accept their differences and be redeemed from their pasts. Will they discover their relationship is worth fighting for?
Redemption is for mature readers.","0-scompleted-series,2-read,2015-botb-68-or-more,2015-to-read,4-a-m,a-kindle,alpha-male,amazon-freebie,amazonimport,bc,best-books,blackstone,books-i-own,books-i-own-but-have-yet-to-read,bookstack,butting-heads,c-queue,chick-lit,cont-series,contemporary,contemporary-romance,could-be-better,currently-reading,dafuq-did-i-just-read,disappointed,ebook,ebooks-to-read,emotions-where-are-you,erotic-erotica,erotic-romance,erotica,explicit,fast-read-basic-little-depth,fast-wrap-up,favorites,free,free-books,freebie,freebies,have-i,have-to-read,herion-brass-guy-like,highly-rated-unread,iris-series,kindle,kindle-4,kindle-books,kindle-freebie,kindle-loanable,kindle-unlimited,kindle-unlimited-want-to-read,ku,ku2,lendable-kindle,lickable-hero,medeling-extended-family,mine,moonreader,next-up,not-for-me,not-interested-anymore,o-i-b,on-kindle,overrated,own-but-have-not-read-yet,own-it,own-kindle,own-tbr,owned,owned-books,owned-but-not-read,owned-kindle,owned-to-read,part-of-series,pass,profession-chef,reading-challenge,rebecca-lynn,romance,romance-i,romance-scecond,series,sexy-books,shelfari-erotica,shelfari-freebie,shelfari-series,somehow-lacking,stand-alone,starting-over,steamy,taking-forever,tall-dark-and-handsome,to-read,to-read-overflow,too-much-st,ugh,waste-of-time,women-was-attacked,x-author-l,zz-tbr-to-sort",romance,7263415,Rebecca  Lynn,4.16,1942,600745.0,Iris,5.0,352,26,4.16
45946396,['16325921'],Suspended,2013,['eng'],304.0,,"1,1-series,2017-gr-challenge,5-stars,adult,alpha-male,anthology,arcs,b-free,canaries-conquer-tbr-s-in-2016,cheap,chick-lit,cobwebs,completed-series,contemporary,contemporary-romance,currently-reading,dl,dnf,ebook,ebook-2017,ebooks-kobo,elliott-taryn,erotic,erotica,f-kindle,f-stepbrother_romance,freebie,g-contemporary,g-hot,hot-hot-hot,hot-romance,in-collection-already,interested-in,kindle,kindle-adult,kindle-cloudless,kindle-ready-to-read,kindle-romance-contemporary,kindle-romance-erotic,kindle-series,kindle-to-read,kindle-unlimited,kindle-waiting-to-read,library-doesn-t-have,maybe,maybe-if-i-can-t-find-anything,mf,my-aggies,need-to-buy,new-adult,next-on-my-tbr-list,next-read-2013,no-dnf-zzz-avoid,not-in-callibre,not-interested,not-interested-or-dnf,not-popular,obstacles-of-their-own-making,on-my-shelf,opposites-attract,ovary-explosion,own-not-yet-read,own-on-kindle-only,owned,part-of-anthology,priority-reads,read-in-2014,read-someday,real-world-problems,review-author,rexommended,road-trip,roadtrip,romance,romance-with-heat,safe-sex-practiced-yay,sampled-but-no,seriously-sexy-foreplay,single,sizzlin,slap-and-tickle,so-effing-funny,stand-alone,strong-heroine,taryn-elliott-cari-quinn,thm-road_trip,to-be-moved-up-higher-in-my-tbr,to-finish-anthology,to-read,to-read-already-have,to-read-othet,to-read-romance,to-review,vanilla-milkshakes,waiting-for-release,waiting-to-be-released,want-to-read,want-to-read-now,xx",romance,5456168,Taryn Elliott,4.13,23493,829449.0,Learning How to Bend,1.0,150,42,4.11
27423176,['19360001'],Lust,2013,['en-GB'],343.0,"Grace begins where human efforts fail.
Noemi Casson has booked herself on a sexual healing retreat after struggling in silence for seven years. It was just a matter of time before she gave in to the demons that have plagued her almost her whole life, and wholeness seems unattainable.
David Steel is living the perfect life, now that he's sworn off women. Hard work and long hours are all the companion he needs--until Noemi comes crashing into his life and disturbs his steady equilibrium.
David is convinced that his love is all the healing Noemi needs.
Noemi is convinced that David must be delusional.
As Noemi allows God to work on her, she begins to see herself and her problems in a new light. But just when all seems to be going well the unthinkable happens, and Noemi doesn't know whether to focus on saving her relationship with David or saving herself. Will she learn to trust God's purpose, or will she give in to the temptation to do things her own way?","0,2013-release,300-400-pages,300-plus-pages,4-5-stars,a-b-c-d,amazon1,benson-dayo,bgt-or-free-ntr-kindle,books-i-own-kindle,chick-lit,christian,christian-fiction,christian-fiction-1,christian-romance,clean-sweet-read,contemporary,contemporary-romance,currently-reading,dayo-benson,did-not-finish,digital,duncan-ga,e-books-kindle,ebook-owned,fiction-novels,free,free-reads,free-reads-maybe-read,freebie,freebies,got-but-not-read-yet,in-collection-already,indie-own,inspirational-fiction,kindle,kindle-6,kindle-books,kindle-e-books,kindle-ipad,kindle-loanable,mushy,my-kindle-books,nook-loanable,on-kindle-paperwhite,own-but-haven-t-read,own-but-unread,own-ebook,owned-to-read,pending-placement,purple-kindle,queued,romantic,series,shelf-b-authors,so-so,stand-alone,tbr,to-get,to-read,trial-book","fiction,romance",5445469,Dayo Benson,4.43,1856,670451.0,Pure Passions,5.0,149,20,4.17
25640235,['18214890'],Loyalty & Respect,2013,['eng'],88.0,"Tania, Nico and Smoke return in the third installment of Loyalty & Respect. After Tania suffers a terrible attack, Nico is out for revenge and is on the hunt for the person responsible for hurting Tania. After giving Smoke an ultimatum and he leaves town.
Upon learning a secret, Smoke returns to town and reveals the truth to Tania about why he left and he leaves town once again, promising Tania that he will return.
When Nico's nemesis Armando strikes again, Nico is forced to end the beef once and for all and needs Smoke's help to do so. When the truth about everything is revealed, will Tania stay by Nico's side or will she leave him forever.","2013-book-shelf,author-i-wish-not-to-read-again,black-love,books-i-haven-t-yet-read,cheating-hero,childhood-to-adulthood-romance,currently-reading,epub-mobi-e-books,kindle-books,kindle-editions,mafia-romance,my-books,on-kindle,pregnancy-romance,short-stories,to-read,urban-ebooks,villainous-hero,young-adult-romance","romance,young-adult",6569905,Drea Delgado,4.5,3104,749466.0,Loyalty and Respect universe,29.0,135,5,4.47
24807248,"['20650921', '17732416', '18220926']",In Chains,2013,['eng'],201.0,"There is an an alternate cover edition for this ISBN13 .
A romance set in a world where slavery is government run and slaves are fitted with microchips.
Savannah, fleeing a turbulent relationship, seeks solace at her brother's country farmhouse. It's there that she meets Kayden; her brother's slave who's considered less than human. These two damaged souls form an unbreakable bond, one that's about to be tested, because Kayden is her brother's property and he will stop at nothing to keep them apart.
Please note this book contains some sexual scenes, violence and strong language.","1st-in-series,2015-read-list,3-my-2-read-library,a,a-kindle-edition,abandoned,add-to-notebook,adult,adult-fiction,apocalypse-zombie-dystopian,audience-adults,audience-female,available-now,bc,best-of-the-best,books,books-i-own,books-in-a-series,cetla-v-aj,cloud,contemporary,contemporary-romance,currently-reading,did-not-finish,dnf,dubious-consent,dystopia,dystopia-romance,dystopian,ebooks,emotionally-scarred,erotic-romance,erotica,eroticka-literatura,expecting,female-authors,fiction,first-in-a-series,first-in-new-series-to-try,first-in-series,free,free-reads,freebie,freebie-owned,freebies,gave-up-on,gr-group-reads,have,have-it,het-fic,indie-romance,interesting,kindle,kindle-cloud,kindle-freebie,languishing-on-kindle,m-f,my-books,n-2,new-adult,new-series,nook-books-i-own,order-soon,own-kindle,owned,owned-books,owned-not-read,owned-paid,owned-to-read,pad-challenge-books,paperwhite,para-etc,part-of-a-series,part-of-series,r-r-s,read-in-2014,read-in-order,romance,romances-read,rrbc,sci-fi,science-fiction,scifi,series,short-stories,slave,slavery,slavery-servitude,smut,suspence,tbr-1,tearjerker,to-get,to-read-kindle-9,unlimited-kindle,unread-got-in-2013,whole-new-series-waiting-spanish,young-adult,zz-alternate-cover,zz-freebies","fiction,romance,young-adult",7034278,Michelle  Abbott,3.66,504,498902.0,In Chains,2.0,134,66,3.55
25637289,['18213463'],The Crimson Outlaw,2013,['eng'],121.0,"Love is the greatest outlaw of all.
Vali Florescu, heir to a powerful local boyar, flees his father's cruelty to seek his fortune in the untamed Carpathian forests. There he expects to fight ferocious bandits and woo fair maidens to prove himself worthy of returning to depose his tyrannical father. But when he is ambushed by Mihai Roscat, the fearsome Crimson Outlaw, he discovers that he's surprisingly happy to be captured and debauched instead.
Mihai, once an honoured knight, has long sought revenge against Vali's father, Wadim, who killed his lord and forced him into a life of banditry. Expecting his hostage to be a resentful, spoiled brat, Mihai is unprepared for the boy to switch loyalties, saving the lives of villagers and of Mihai himself during one of Wadim's raids. Mihai is equally unprepared for the attraction between them to deepen into love.
Vali soon learns that life outside the castle is not the fairy tale he thought, and happy endings must be earned. To free themselves and their people from Wadim's oppression, Vali and Mihai must forge their love into the spear-point of a revolution and fight for a better world for all.","0-mm,0wns-e-book,1-own-ebook,100-200pg,2016-reads,4-star-reads,a,a-ebook,a-length-100-150-pages,a-own,a-read-in-2016-ereader,a-stand-alone,abuse,body-ginger-or-redhead,character-assassin-enforcer,character-military,character-peerage-or-royalty,cheaper-reads-under-2-dollars,check-to-read,currently-reading,d-2-5-stars,did-not-finish,dnf,e-book,e-romance,ebook,ebooks,ebooks-own-to-read,ebooks-sent-to-kindle,enemies-to-lovers,erotica,fantasy,fantasy_mm,fiction,from-riptide,gay,gay-historical-romance,gay-romance,gay-romance-100-199-pages,genre-high-fantasy,genre-historical,genre-sff,historic,historical,historical-fiction,historical-romance,historical-setting,historical_mm,i-own-dropbox,inventory-ebooks,investigate-further,less-than-125,lgbt,lite-read,locale-russia,m-m,m-m-romance,male-male,maybe,maybe-later,mm,mm-etal-tbr,mm-historical,mm-romance,mm-tbr,mogai-lgbtq,my-kindle-tbr,net-galley,netgalley,novella,outcome-hea,own-ebook,owned,owned-yuv,pdpm,pub-2013,purchased-dreamspinner,read-not-reviewed,riptide,riptide-publishing,romance,romance-historic,romance_mm,romania,sexcontent-anal-play-sex,sexcontent-bareback,sexcontent-butt-virgin,sexcontent-frottage,sexcontent-oral-play-sex,sexual-mix-m-m,sorted-mm,sounds-good,stand-alone,tbr-have,thieves,to-read,to-read-next,to-read-owned,truly-awful,unavailable","fantasy, paranormal,fiction,history, historical fiction, biography,romance",1289325,Alex Beecroft,3.67,4523,,,,120,38,3.37
25131514,"['17929735', '22027203', '18374749']",Bohemian,2013,"['en-US', 'eng']",270.0,"NOW available on Amazon!
Immortals exist. Their underworld is real.
And they want her dead.
When a girl goes missing from the streets of London, Inspector Ingrid Jansen sets out to find her, but with every step she takes toward solving the case, mysterious forces mobilize to stop her.
Infamous vampires Jadeon and Orpheus reemerge into Ingrid's life. But what are their intentions? Are they allies or enemies?
Ingrid will be forced to push past the boundaries of fear and love in order to solve a centuries-old riddle that delves deeper than she could have imagined.
This is the time to let inhibitions go. This is the time of the Bohemian.","00-own-kindle,05-later,1-series-novels,2-vamps,2013-must-read,2013-new-book-release,2015-candidates,3-star-books,akindle-edition,amazon,arc,arc-review,arcs-gifted-to-smexy-bookaholics,author-is-my-rock-star,blog-review,book-boner,book-tours,bookgorilla,books-i-might-read,books-i-own-but-have-yet-to-read,by-gr-friends,can-t-find,currently-reading,entered-to-win,f,fewings-vanessa,fiction-paranormal,first-reads,free-from-amazon,freebie-owned,freebie-owned-to-read,full-length,giveaways,in-collection-already,kindle,kindle-5,kindle-books,kindle-books-to-lend,kindle-lendable,kindle-unread,lendable,lendable-k,own-but-need-to-read,own-unread-kindle,owned,owned-kindle,owned-to-read,paranormal,paranormal-i-read,paranormal-romance,part-of-series,r2r-paranormal,random,reordering,reviewforblog,romance,september-2013,sequels,series,single-author,suspense,to-be-read,to-read,vamp,vampire-books,vampire-romance,vampires,vampires-zombies-occult,vanessa-fewings,was-free,wicca-witch-4-book-blog-reviews","fantasy, paranormal,fiction,romance",1507905,Vanessa Fewings,4.3,5922,515014.0,Stone Masters Vampire,5.0,47,24,4.38
25311275,['18038828'],Loving Lydia,2013,['eng'],289.0,"Hiding from the horrors of her past, the last thing quiet, shy Lydia thinks she needs is a persistent cowboy who not only wants to strip away her clothes but the layers of her secrets too. What Sam wants is more than just skin deep.
Little by little, as Lydia's past starts to reveal itself, Sam sees a woman who has never been afraid, who was bold and adventurous, talented, and exciting. As Sam discovers the truths Lydia has buried in her heart, her nightmares of the past become stronger and her fear of the future threatens to jeopardize everything.","01-tbr-on-kindle,1-amazon,1-freebie-not-read,3-my-2-read-library,3-to-4-stars,____own-not-read,___freebie,a-pending-placement,abusive-relationship,amazon-books,amazon-kindle-book,amazon-own,annoying-heroine,bgt-or-free-ntr-kindle,books,contemporary,contemporary-romance,country,cowboy,cowboy-ranch,cowboy-western,currently-reading,did-not-finish,didn-t-finish,ebook,epub,family-children,free,free-kindle-download,freebie,freebie-owned-to-read,freebies,i-own,indie-own,kindle,kindle-5,kindle-freebie,kindle-freebie-lendable,kindle-lending,kindlee,library,marriage-child,mc-cowboy-cowgirl-western,on_cover_reveals,own-ebook-kindle,owned,owned-kindle,part-of-a-series,pg-70-to-150-pg-novella,predictable,pregnancy,ridiculous,romance,saxon-diane,series,series-2013,shelf-s-authors,smitten,tame-contemporary-romance,to-read,to-read-e-book,to-read-own,too-terrible-to-finish,western-romance,wonderful","children,romance",7122072,Diane  Saxon,4.1,252,531384.0,Atlantic Divide,5.0,21,8,3.77
27680490,"['19548319', '20870555']",Midlife,2013,['eng'],252.5,"""The funniest thing since Bridget Jones slid down the fireman's pole.""
Thirty one years of marriage has left Masey bored and sexually frustrated. When her husband, Wally, ruins a night of potential foursome play she sets off on her own for Bali or Thailand... or wherever the hell else she can land, leaving Wally drunk, bruised and naked on the front lawn.
Bereft and confused, what's a guy to do? Find an ill-mannered mentor, an internet profile in need of some honesty, read a good - or not so good - book and find some purple rope... lots of purple rope.
Hysterical, brutal and crude, Harry Pants crafts a tale that will make you chuckle even as you wince. The language is harsh, the imagery startling and the characters are probably your next door neighbors. F-bombs galore follow Wally as he discovers his own coming of age - thirty years past due, yet still just as confusing. Like all good life revelations, it ends with a smile, a sweet touch that will leave you content when the story closes.
If you have a sense of humor and are not easily offended - then this is the book for you.","2015-reads,5-stars,adult-read,books-on-deck-to-read,contemporary,currently-reading,ebooks-to-be-read,excellent-book,humorous,kindle,made-me-laugh,my-reviews,own-to-read,owned-unread,random,romance,romance-comedy,shelfari-funny,standalones,to-read,under250p",romance,7579198,Harry Pants,3.19,32,,,,16,5,3.44
25490177,['18143063'],Lost Zendori,2013,['eng'],306.0,"An Awakening like none she could ever imagine is coming for Ali Sumaro. Not only will she discover a world she never knew existed, but she will finally understand the dreams that have plagued her since she was a child.
Nicolai Montez has waited all his life for his female to come into her Awakening and for her mind to reach for his. Now that the day has come, Nicolai discovers that his mate has no idea of her jaguar heritage, and he must help her see who and what she really is before the full change comes to her.
Ali's presence in their homeland stirs the Jagara's long quiet enemies and brings forth the threat to the very existence of the Jagara people.
*BONUS MATERIAL*
Betrayal:Prequel to the Jagara Series","1a-free-was,a-kindle-cloud,a-kindle-freebie,a-purchased-08-2013,actual-books,arc-beta-prize,currently-reading,favorites,indie-own,own-to-read,pages-0300,paranormal,paranormal-romance,romance,sci-fi-fantasy,shifter,to-read","fantasy, paranormal,romance",7014749,Melaina Rayne,4.19,53,534603.0,Jagara,3.0,11,4,4.06
25465823,['18130280'],Niamh of the Golden Hair,2013,['eng'],177.0,"""But who am I? What am I? Why does any mention of my father arouse such fear?""
""Because you're a witch, like your father and his mother before him.""
Terrified of her father's powers if she comes to harm, Niamh's uncle arranges a marriage for her far away from her family home but she never arrives. On the journey, her horse throws her into a swollen river which carries her away.When she is rescued, she can no longer remember her name or anything about her past life. No one comes to inquire after her, so her rescuers decide to send her to the High King for help.
Near the High King's stronghold, Viking raiders come upon the party and Niamh finds herself on a ship bound for unknown lands, the property of the warrior, Olaf. He keeps her with him and, little by little, she finds herself falling in love with him.
But the future holds danger for both of them. Olaf's former lover, Kolgrimma, tries to kill Niamh. Olaf is seriously wounded in battle. Seeking help to heal him of his wounds, Niamh and Olaf journey to meet the Red Lady, Renny, and Niamh's father Manannan.
>>>Will Olaf and Niamh be able to Manannan in the country that will one day be called Wales?
Can the 'magician' heal him of his wounds?
Will Niamh ever find happiness and peace?
>>>An Irish Sea Saga
Journey through ancient Ireland, the Isle of Man and Wales.
Set in the year circa 800 AD.
>>>The sequel to Manannan's Magic
Watch for the third book in the trilogy, Emer's Quest, coming soon.","a-kindle-cloud,a-kindle-freebie,a-purchased-10-2013,amazon,amazon-library,books-i-own,currently-reading,digital,e-books,fantasy,free-got-it-free,free-reads-maybe-read,freebie-owned-to-read,genre-syfi-fan-horr,historical-romance,in-collection-already,kindle-1,kindle-loanable,kindle-owned,mcgrath-michele,medival,on-kindle-fiction,on-kindle-waiting-to-be-read,own-unlikely-read,owned,owned-books,pages-0150,part-of-a-bundle,romance-historical,series,shelf-m-authors,to-purchase,to-read,to-sort,vikings,y-romance-historical,y-short-story","fantasy, paranormal,fiction,history, historical fiction, biography,romance",6627609,Michele McGrath,3.81,430,1061153.0,Manannan Trilogy,4.0,10,6,3.5
26164452,['18485202'],Perfect Need - Seven Tales of Love and Passion,2013,['en-US'],82.0,"Perfect Need - Seven Tales of Love and Passion
Love is a mystery; passion is an adventure. Every time.
Perfect Need, a collection of erotic short stories, is an exploration of what love and passion can become, how they affect two people for a moment, or a lifetime. What happens when two lovers close their eyes, literally or not; when they tumble into a love they never expected; when they decide it's worth the risk to stay . . . or time to leave?","adult-fiction,author-provided,author-requested-review,ebooks,first-reads,goodreads-first-reads,random,romance,romantic-erotica,romantic-fiction,short-stories,short-story-collection,to-delete,to-read,well-developed-characters","fiction,romance",7266026,Barbara L.B. Storey,4.17,23,,,,7,3,3.82
39947839,"['22402154', '22086467', '28006481', '22324898', '28444098']",Flat-Out Celeste,2014,['eng'],338.0,"For high-school senior Celeste Watkins, every day is a brutal test of bravery. And Celeste is scared. Alienated because she's too smart, her speech too affected, her social skills too far outside the norm, she seems to have no choice but to retreat into isolation.
But college could set her free, right? If she can make it through this grueling senior year, then maybe. If she can just find that one person to throw her a lifeline, then maybe, just maybe.
Justin Milano, a college sophomore with his own set of quirks, could be that person to pull her from a world of solitude. To rescue her--that is, if she'll let him.
Together, they may work. Together, they may save each other. And together they may also save another couple--two people Celeste knows are absolutely, positively flat-out in love.
Whether you were charmed by Celeste in Flat-Out Loveor are meeting her for the first time, this book is a joyous celebration of differences, about battling private wars that rage in our heads and in our hearts, and--very much so-- this is a story about first love.","2014-books,2014-read,2014-reads,2014-release,2014-releases,2015-reads,3-stars,4-5-stars,4-stars,5-star,5-stars,all-time-favorites,amazon,audible,audio,audio-book,audiobook,audiobooks,book-boyfriend,book-boyfriends,books-i-own,books-read-in-2014,chick-lit,college,college-romance,coming-of-age,contemporary,contemporary-romance,currently-reading,cute,did-not-finish,dnf,drama,e-book,e-books,ebook,ebooks,ebooks-i-own,emotional,family,favorite,favorite-author,favorite-authors,favorite-books,favorites,favourites,favs,fiction,finished-series,flat-out-love,friends-to-lovers,friendship,funny,funny-as-hell,high-school,hilarious,humor,jessica-park,kindle,kindle-books,kindle-unlimited,lendable,library,love,loved,made-me-cry,must-read,my-favorites,na,new-adult,on-my-kindle,owned,owned-books,read-2014,read-2015,read-2016,read-in-2014,read-in-2015,read-in-2016,read-in-english,realistic-fiction,reviewed,romance,sequels,series,sweet,sweet-guys,sweet-romance,swoon-worthy,to-buy,to-read,want-to-read,ya,ya-books,ya-contemporary,ya-fiction,ya-na,ya-romance,young-adult,young-adult-romance","fiction,romance,young-adult",22159,Jessica Park,4.04,106009,588583.0,Flat-Out Love,3.0,8314,1137,4.27
